action_agreement_to_full,action_agreement_to_target,buffered_final_steps,distill_steps,env,episodes_per_task,eval_mode,eval_seconds,family,feature_mode,final_loss,full_iters,gamma,iters,max_episode_steps,method,model_max_steps,model_rollout_mode,n_actions,n_states,operator_iters,overall_success,rank_ce_weight,seed,steps_per_iter,target_buffer_monotone,task1_length,task1_success,task2_length,task2_success,task3_length,task3_success,task4_length,task4_success,task5_length,task5_success,task_ids,train_seconds,transition_l1,transition_model,transition_oracle_l1,transition_oracle_top1,transition_seed,transition_steps,transition_target_source,transition_top1,value_hidden_dims,value_max_abs_to_full,value_max_abs_to_target,value_mse_to_full,value_mse_to_target,value_seed,warmup_steps
0.4308080808080808,0.4313131313131313,0,2700,pointmaze-teleport-navigate-v0,1,model,0.05518829100765288,qhead,raw_obs_onehot,0.0014215122209861875,180,0.995,6,,qhead_sto_trl_guided_rank,1000,exact,4,45,6,0.11907792529613756,10.0,0,350,,999.9999999994092,6.15525264570854e-13,1000.0,0.0,853.2492500695828,0.14776913806486777,555.023348436685,0.44761379447082983,999.993319443775,6.693944374685353e-06,all,11.901503874047194,0.00045493889389456004,raw_obs_mlp,0.048242619866071965,0.9777777777777777,0,2000,dataset_cell_changes,1.0,"256,256",0.9558598027528062,0.7730500139649322,0.01628283083425529,0.020052871572572382,0,600
0.9883838383838384,1.0,0,2700,pointmaze-teleport-navigate-v0,1,model,0.06464243098162115,table,raw_obs_onehot,0.0,180,0.995,6,,table_sto_trl_matched,1000,exact,4,45,0,0.9999537620051544,10.0,0,350,,23.055095644643647,0.9999462318075818,15.002489039999176,0.99999833112696,14.006934713182568,0.999993774189797,25.106416083580285,0.9998898514144443,27.058814939443923,0.999940621486989,all,0.0,0.00045493889389456004,raw_obs_mlp,0.048242619866071965,0.9777777777777777,0,2000,dataset_cell_changes,1.0,"256,256",0.2726478374829411,0.0,0.001317458230128957,0.0,0,600
1.0,1.0,0,2700,pointmaze-teleport-navigate-v0,1,model,0.06283940997673199,table,raw_obs_onehot,0.0,180,0.995,180,,table_full_bellman,1000,exact,4,45,0,0.9999537398655056,10.0,0,350,,23.055241883674345,0.9999461211008993,15.00248903966868,0.99999833112696,14.00693471318255,0.9999937741897968,25.106416083249876,0.9998898514144443,27.058872869851214,0.9999406214954274,all,0.0,0.00045493889389456004,raw_obs_mlp,0.048242619866071965,0.9777777777777777,0,2000,dataset_cell_changes,1.0,"256,256",0.0,0.0,0.0,0.0,0,600
